SeemsGood,@SeemsGood
Lose Guy,
Player 1,
Smashing Turnips,@DoesntPlayPeach
Karma,
Schmii,
cookiE,
GP,
Boot,
Bruce,
Snap,
Amazon,
OP,
Gas$,
Macho Man Randy Sam Lowe,
Macho Man Randy Sam Lowe I Love You,
<small>Macho Man Randy Sam Lowe I Love You</small>,
Macho Man Sam Lowe,
Adam,
ChipGroove,
SomeGuy,
DoofusMcGee,
Chaos Dunk,
Karma The Sage,@DoesPlayPeach
Ziltoid,
DanBo,
LCrimson,
The Sage,
Satoshi,
mixit,
Sauce,
Jeb,
Hyperflame,
Sage,
Alui,
Firewater,
LBL,
Jinra1,
Yung Sgueegee Boi,
Sillie Willie,
Spencer,
Gtone,
Altex,
Duckpimp,
DuckPimp,
VPlatypus,
<t>ARC</t> Seagull Joe,
Blooky,
K Leb,
Bird,
Merman,
Tape,
<t>LFG</t> Blacky,
Veryyes,
HazeyStaleBread,
Aquamelon,
Watson,
Honeybear,
229,
MasterBum,
Muffin,
Cheesepuff,
Citizen Snips,
CrimsonKid,
Lew Lew,
Spooky Booky,
Hop,
Saitama,
playboigg,
Macho Man Randy Sam Lowe I Love You LONG TIME AND SHIT,
Julia,
Captain Black,
HamsterQuest,
Allen,
Een!,
Fardoop,
Ken Jr.,
Ako,
Danbo,
PainTrain,
Stats,
Mixit,
Ryan,
Oni,
Charlie,
Vintage,
Cool Lime,
Sluggo,
Dob,
Sylfer,
Ship,
OneShineMan,
The Angel of Death,
STK,
Greg,
Scrai,
Master,
Aquamelen,
Conn Man,
Sacred Lotus,
Anime,
Swigo,
Little Boy Larry,
Gacktek,
Suppi,
Ummm,
Rocky,
Garnet,
BombProof,
Shortstack,
File,
Raymond,
Snack,
Dunkchai,
Bert,
Migy,
Punk,
watson,
vivi,
ship,
Coco,
Frood,
Darkflame,
Allui,
SD,
Ink,
Mememan,
G2G,
Messenger (G2G),
Royal,
idk7,
Jaile,
AoD,
Uno,
Tropical Priest,
Lvovich,
Suppies,
Vivi,
MajorLeagueTurtle,
SixPuff,
Piramid,
Toy,
StK,
toy,
Soul,
PRISON,
Mr. Clean,
Poof,
KarenRadish,
Milkman,
Guac,
Redd,
Repgifit,
MikeMelee,
Big Wenz,
EmoDinosaur,
Prison,
Takeover,
Silence(red),
HyperFlame(white),
HyperFlame,
Silence,
Jbash,
Dutch,
Sypherphoenix,
<t>TCG</t> ChozenOne,
AirBornMan,
<t>GMU</t> Hyperflame,
<t>NVCC</t> Master,
<t>NVCC</t> Allen,
<t>GMU</t> Altex,
<t>NVCC</t> Mr. Clean,
<t>GMU</t> Duckpimp,
<t>NVCC</t> CrimsonKid,
<t>FREE</t> LCrimson,
<t>GMU</t> Prison,
<t>NVCC</t> Poof,
<t>VGBC</t> Redd,
TakeOver,
<t>OES</t> Milkman,
<t>test</t> This,
<t>Test</t> This,
<t>Liquid</t> Hungrybox,
<t> CKS </t> cookiE,@clashKstudios
<t>Liquid</t> Computerbox,
Who This,
Who That,
D4C,
<t> Bing Bar </t> Macho Man Sam,
Focus,
ReiTrah,
P1,
P2,
Zylo,
BigTimeRush,
ReiTrha,
<t> CKS </t> Shiitake,@ThatKennesawFox
Systemz,
Druggedfox,
WhiteChocolateThunder,
LeanIce24,
WCT,
DashDanceDan,
Yort,
Cynax,
Crispix,
FarroFunk,
DBag,
Skeletor,
CanabisDiet,
DAB,
Namu,
Baka4Moe,
FlaminRoy,
Lucas,
Tubes,
Macho Man Sam,
Xylo,
LeanIce24S,
LeanIce44,
Chinaux,
Celestial,
Drugedfox,
<t> CKS </t> KPan,
<T> TGL </t> Druggedfox,
WCT [L],
Baka4Moe [W],
Baka4Moe ,
<t> TGL </t> Druggedfox,
Dog,
Peter Y,
Da,
<t> SS </t> FlaminRoy,
Shampoo,
<T> SS </t> FlaminRoy,
<t> FB </t> Baka4Moe,
Bravo,
Zab,
Reihtra,
Zest,
THEBIGT,
CitizenInsane,
BigPlayRay,
Jazz,@RandomGAFox
SleepyK,@sleepike
<t> TGL </t> KPan,
<t> CKS </t> KPan [L],
<t> TGL </t> Druggedfox [W],
[W] <t> TGL </t> Druggedfox,
[L] <t> CKS </t> KPan,
Zabb,
BBQ,
Rozz,
Dublat,
SteSte,
TAL,
Soap,
Hero,
MrLZ,
TBag,
Chaddd,
Mew2King,
GAwes,
TBagChaddd,
MrLZ [W],
TBag [L],
<t> CKS </t> Karma,@clashKstudios
JoeHurricane,
20MD,
TheNumber47,
JRock,
Stingers,
<t> CKS </t> ChipGroove,
<t> MVG </t> Mew2King,
Tuchi,
Player-3,
Karma & Player-3,
Stingers & Tuchi,
Cloud9,
MonsoonCoon,
NinKendo64,
<t>CR2</t>NinKendo64,
<t> CR2 </t>NinKendo64,
Kip,
pLAYER-3,
Mr Lz,
Mr Lzs,
Articanus,
<t> RCS </t> KPAN,
<t> RCS </t> Dublat,
<t> RCS </t> DUBLAT,
DUBLAT,
Irminger,
SOAP,
IRMINGER,
JARROD & DRUGGEDFOX,
SOAP & IRMINGER,
CHIPGROOVE,
NTA,
nta,
NTA    ,
WILLS,@WHATYAMEANWILLS 
LUCAS,
DASHDANCEDAN,
DASH DANCE DAN,
DRUGGEDFOX,@DRUGGEDFOX
Killua,
KILLUA,
<T>TYPO</T> LOVER,
DERTDOBBER,
JAMIN,
HT,
What.,
TROY,
CORRAL,
C0RAL,
TBAG,
JARROD,
WAFIS,
978,
WHAT.,
GAWES,
MOUSE SHAMPOO,
SLIPS,
STITCHES,
BIG PLAY RAY,
THENUMBER47,
BIGPLAYRAY,
BLOOK,
BOOTYBLASTWARRIOR,
EEN!,
SILVER,
SLICK,
BRASS MONKEY,
BREAKS,
72,
EGG.,
Egg.,
Noided,
MarVeL,
AURI,
<T>RCS</T>KPAN,
NOIDED,
DUBLAT & KPAN,
DRUGGEDFOX & JARROD,
DUBLAT & HT,
DAB &  KPAN,
GAWES & FOCUS,
DAB &  <T>RCS</T> KPAN,
DAB & KPAN,
KPAN & KPAN,
DRUGGEDFOX & JARROD </t>[L]</t>,
DRUGGEDFOX & JARROD <t>[L]</t>,
DAB & KPAN <t>[L]</t>,
<t>[L]</t> DRUGGEDFOX & JARROD,
<t>[L]</t> DAB & KPAN,
Wills,
Sleepy,
Wills & ,@clashKstudios
WILLS ,@clashKstudios
SLEEPKY,
WILLS & ,@WHATYAMEANWILLS & 
<t> RCS </t> SLEEPKY,
<t> RCS </t> SLEEPYK,
KIP,
YORT & ,
MR Z,
MR Z THE TEACHER,
TYPE 1,
Dab,
DaB,
IRMINGER & ,
KPAN,
MR Z & ,
RJW,@_SHARKDAD
TYPE1,
SLEEPYK & ,@sleepike & 
MR Z THE TEACHER <T>[L]</T>,
MRZTHETEACHER <T>[L]</T>,
MRZTHETEACHER,
PLAYER 1,
PLAYER 2,
PlAYER 2,
EEN,
DOG,
DUSK,
COOKIE,
SKELETOM,@PhantomShine
<t>RCS</T> COOKIE,@RCS_COOKIE
FLAMIN ROY,
BOTTLE,
HT  &  ,
DATE,
<T>RCS</T> KPAN,
50k,
DUSK  &  ,
XIF,@THEXIF
50K!,
50K,
LOPER,
MOONSHINE,
CAPTAIN CURRY,
SOAP  &  ,
BASALT,
SILVEr,
omega,
OMEGA,
PAINTMAN,
CORNELL,
WHO?,@SMASH_WHO
Who?,
SILVER & ,
 MOONSHINE & ,
FOCUS,@IMNOTAUSTIN
LOPER & JPEG,
KPAN & DAB,
FOCUS & MOONSHINE,
CHADDD & TBAG,
TUBES & GAWES,
TBAG & CHADDD ,
978 &,
FLAMINROY & HT,
978 & ,
CHADD & TBAG,
XIF & CORNELL,
XIF & CORNELL ,
XIF & CORNELL  ,
XIF & ,
FOCUS & ,
FLOTUS & DAN,
STACKDOLLA$,@stackdolla$
SOME MARIO,
PEPPER JACK,
BLUEJIM,
TUBES,
BOOTYBLAST,
BLUE JIM,
BOOTY BLAST,
FLAMINROY,
<T> RCS </T> KPAN,
<t> FRD </t> XIF,
<T> FRD </t> XIF,
FLAMIN ROY [L],
stack,@stackdolla$
moonshine,@moonshine
stackdolla$ & ,@stackdolla$ & 
<t> RCS </t> SleepyK$ & ,@stackdolla$ & 
<t> RCS BRIAN BUCKLEY,@moonshine
SleepyK$ & ,@stackdolla$ & 
BRIAN BUCKLEY,@Brian_Buckley
SleepyK & ,@stackdolla$ & 
<t> RCS </t> SleepyK & ,@Sleepike & 
GAS$,
JET,
gas$,
jet,
silver,
marvel,
AGENT,
ZENT,
<T> SS </T> FLOW,@THE_FLOW92
KYLE KRUDO,
LANDRY,
BAKA4MOE,
BEEFTIP,
<T> SS </T> FLOW & ,@THE_FLOW92 
GATO,
JWILLI,
AVOCADO,@Wineeeeeee
YOLD,
THENUMBER47 & ,
GOHAN,
GREEN MARIO,
MR BEEN READY,@MRBEENREADY
GREENMARIO,
<T> SS </T> COLBOL,
SHARKZ,
IKRAGER,
SWEATERS,
JARROD/JAZZ & ,@RandomGAFox & 
$MIKE,
SMOKINPENELOPE,
DASH,@DASH_SSBM
YORT,
JARROD & ,@RandomGAFox & 
PELLIPER,
CAUP,
<T> S.L </T> MCNUGGETS,
TINY & ,@imteenyweeny 
MOP,
$MIKE & DASH,
CHADDD & FLAMINROY,
OATY & COLBOL,
COLBOL & OATY,
XIF & GREENMARIO,
BAKA4MOE & DAB,
DAB & BAKA4MOE,
KPAN & WIZZROBE,
COBOL & OATY,
OATY & COBOL,
OATY & COBOL<t>[L]</t>,
TINY,@imteenyweeny 
$MiKE,
WIZZROBE,
MR LZ,
R2DLUI,
R2DLIu,
R2DLIU,
SMASHDADDY,
ZASA,
<t> RCS </t> SLEEPKY &,@sleepike & 
<t> RCS </t> SLEEPYK &,@sleepike & 
<t> RCS </t> SLEEPYK & ,@sleepike & 
<t>SS</T> COLBOL,
DRUGGEDFOX <T>[L]</T>,
JROC,
<T>SS</T> FULLMETAL,
ILUVCRISPIX,
MAGE,
EPICDAN,
BEARSFAN,
BEARSFAN92,
BEARSFAN92F,
SDEEMS,
DAN,
PEPPERJACK,@INCENETUM
LOWQUALITYJPG,
SACE,
CAPTAINCURRY,
<T>FRD</T>CAPTAINCURRY,
FULLMETAL & TBAG,
WILLS & PAINTMAN,
FOCUS & DUBLAT,
HT & KPAN,
KPAN & HT,
LOWQUALITYJPG & LOPER,
PAINTMAN & WILLS,
DRUGGEDFOX & VRO,
VRO & DRUGGEDFOX,
TBAG & FULLMETAL,
CAPTAIN CURRY & ,
FLOW & GREEN MARIO,
DR PAYNE & BOTTLE,
SDEEMS & KILLUA,
GREEN MARIO & HT,
GREEN MARIO & FLOW,
JARROD &,@RandomGAFox
VRO & DRUGGEDFO,
VRO & JARROD,
VRO &,
VRO,
<t>ME</t>VRO,
<l>ME</l>VRO,
<t>ME</> VRO,
<t>ME</t> VRO,
<T>SS</T>FULLMETAL,
<T>ME</T> VRO,
<L>ME</L> VRO,
DOCTOR PAYNE,
RJW &,@SHARKDAD_ & 
<T>SS</T> FLOW,@THE_FLOW92 
<T>SS</T> FLOW & ,@THE_FLOW92 
FLOW & ,@THE_FLOW92 
<t>ME</t>VRO [L],
<t>ME</t>VRO <L>[L]</L>,
<t>ME</t>VRO - <L>L</L>,
<t>ME</t>VRO <L>L</L>,
<t>RCS</T> KPAN,@RCS_COOKIE
TAL & SLIPS,
SAMWOW & EGG.,
<t> SS </T> MERCK,
KODA,
WINKLEDINK,
MYZTEK,
JADE,
TYLENOL-PM,
2KV,
<T>SS</T>COLBOL,
GCS,
GCS.,
BROCHILL,@RYANBROCHILL
ZOOK,
Googlyeyed ,
GOOGLYEYED ,
ENVY,
KRUDO,
<T>RCS</T> DUBLAT,
BEARSFAN092,
SIDDWARD,@SIDDWARD
<T>SS</T>FLOW,@THE_FLOW92
<T>S.L</T>MCNUGGETZ,
SLOX,
M1RACLE,
IORI,
IORI.,
<T>WAVE</T> Mr BEEN READY,@MrBeenReady
IKRAGE,
SMOKINPENELOP,
WEED,
A ROOKIE,
DA1RDEVIL,
DR PAYNE,
CRUSH,
<T>RCS</T>SLEEPYK,@SLEEPIKE
SLOX & CRUSH,
FLAMINROY & FLOW,
FLOW & FLAMINROY,
SLOX & CRUSH [red],
FLOW & FLAMINROY [blue],
SLOX & CRUSH [blue],
FLOW & FLAMINROY [red],
SLOX & CRUSH <T>[L]</t>,
DAB & BAKA4MOE <T>[L]</T>,
<T> RCS</T> DUBLAT,
<T> EGTV </T> CRUSH,
<T>SS</T> MERCK,
<T>EGTV</T> CRUSH,@EGTV_CRUSH
<T>WAVE</T> MR BEEN READY,@MrBeenReady
<T>EGTV</T> CRUSH <T>[L]</T>,
<T>EGTV</T> CRUSH ,@EGTV_CRUSH
<T>EGTV</T> R2DLiu <T>[L]</T>,
Gas,
<t>RCS</t> cookiE,
CRUNCH & HBOX,
QERB & KEVORKIAN,
KEVORKIAN & QERB,
PLUP & DRUGGEDFOX,
KPAN & COB,
COB & KPAN,
$MIKE & N0NE,
RIK & LANCEINTHEPANTS,
L0ZR & PPMD,
YOld,@yoldsego
MOONPANDA & JAGER,
SWEDISH DELIGHT & SLOX,
DIZZKIDBOOGIE & COLBOL,
ZENT & HIFI,
JBASS,
MK2,@TRNNT_UP
JBAS,@JEREMYBASILOUS
<T>PG</T> PLUP,
SMASHBOB,
KAEON,
MKII,@TRNNT_UP
QERB,
L0ZR,
HUNGRYBOX,
<T>LIQUID</T> HBOX,
TWITCH,
SWEDISH DELIGHT,
STINGERS,
SWEDISH,
<T>BALANCE</T> DFOX,
<T>RNG</T> SWEDISH,
LANCEINTHEPANTS,
LANCE,
<T>SS</T> COLBOL,
RIK,
AMBITION,@SERINCHIPITY
DAVID,
PROG,@PROGDUCTO
<T>ALG</T> N0NE,
TAH.,
SYPHERPHOENIX,
<T>WAVE</T>TAH.,
ZAIN,
<T>LIQUID</T> CRUNCH,
<T>LIQUID</T>CRUNCH,
<T>WAVE</T>MRBEENREADY,@MRBEENREADY
MRBEENREADY,@MRBEENREADY
DIZZKIDBOOGIE,
ZAIN & SYPHERPHOENIX,
PLUP & DRUGGEDFOX [L],
PLUP & DRUGGEDFOX <T>[L]</T>,
SWEDISH DELIGHT & SLOX <T>[L]</T>,
PPMD,@EG_PPMD
<T>LIQUID</T>HBOX,
<T>RNG</T>SWEDISH,
<T>ALG</T>N0NE,
<T>BALANCE</T>DFOX,@SLEEPIKE
<T>BALANCE</T>DFOX [L],
TRAVIS,
MAILBOX,
DRAVEN,
ANIMAL COMP,
<T>FRD</T> XIF,@THEXIF
COMPANION,
N0NE,
<T>ALG</T><T>EMG</T>N0NE,@N0NED
<T>LAB</T>HT,
<T>RCS</T>KPAN [L],
WHAT. & AGENT,
DAIRDEVIL & DEN,
SHARKZ & GATO,
MIKE G & SILVER,
SLIPS & DUBLAT,
SLIP N SLIDE & TYLENOL PM,
IORI & DEZNO,
XIF & N0NE,
ILUVCRISPIX & FLOTUS,
FLOTUS & ILUVCRISPIX,
MR BEEN READY & $MIKE,
SLIVAL,@SLIVAL_
<T>RCS</T>DUBLAT,
DENKO,
SUPERFANGCHAN,
SLIPNSLIDE,
FLOWNOMINAL,@THE_FLOW92
<T>OES</T>NIX,
DAVEMON,
MYSTEK,
<T>KNK</T>SMASHBOB,
<T>SELFLESS</T>LUCKY,
CASHMERE JOHN,
CASHMEREJOHN,
LUCKY,@LEGEND0FLUCKY
RJ & FLAMIN ROY,
TYLENOL-PM & SLIP N SLIDE,
N0NE & XIF,
A ROOKIE & GREEN MARIO,
XIF & N0NE [L],
SLEEPYK,@SLEEPIKE
<T>BALANCE</T> SLEEPYK,@sleepike
<T>WAVE</T>MR BEEN READY,@MRBEENREADY
LUCKY [W],
LUCKY <T>[W]</T>,
AUSTINTACIOUS,
SLICK RICK,
SLICK NICK,
<T>NIMBUS</T> HAN,
Silver,
JACKET,
STACKDOLLA$ & SILVER,
WINKLEDINK & SAMPAI,
NAMU & DUBLAT,
FOCUS & GAWES,
TUBES & JIBBLYPORF,
AUSTINTACIOUS & SOAP,
FLOTUS & FLOWNOMINAL,
SYCORAX,@MELEELIBRARY
SAMPAI,@SAMPAISHINE
SDEEMS & DOG,
FLOWNOMINAL & FLOTUS,
DOG & SDEEMS,
SOAP & AUSTINTACIOUS,
FLOTUS & FLOW,
AUSTINTACIOUS & SOAP [L],
<T>RCS</T> DUBLAT [L],
PENGIE & FLOW,
FULLMETAL & NICABOY,
CORNELL & MRBEENREADY,
XIF & KPAN,
FLAMINROY & N0NE,
CAPTAIN CURRY & SDEEMS,
WILLS & RJW,
SECRET & AGENT,
RYAN FORD,
PENGIE,
FLOW & PENGIE,
KPAN & XIF,
FLOTUS & HT,
FLOW & PENGI,
FLAMINROY & N0NE [L],
<T>LAB</T>HT [L],
<T>TAF</T>BROCHILL,
SAND,
HAN,
ZRIDER,
<T>NIMBUS</T>HAN,
DCW,
GILGADU,
CARDDSD,
LOWQUALITYJPEG,
<T>NIMBUS</T>JPEG,
FULLMETAL,
WBD!,
Z1MB0BW4Y,
ILUVHALSEY,
CHADDD,
RAWK HAWK & SAND,
SILVER & CAPTAIN CURRY,
PAINTMAN & MOUSE SHAMPOO,
MOUSE SHAMPOO & PAINTMAN,
AUSTINTACIOUS & SAMPAI,
WHAT. & RJW,
CAPTAINCURRY & SILVER,
FLOW & STACKDOLLA$,
SDEEMS & IRMINGER,
SDEEMS & IRMINGER [L],
SDEEMS ,
SHADES,@DONTCALLMESLIPS
AUSTINTACIOUS [L],
<T>[W]</T> CAUP,
<T>[W]</T>CAUP,
MARVEL,
BUNZ,
KING CONS,
VIGILLANTE,
GILGADUP,
GILGADUPF,
<T>NIMBUS</T>SACE,
<T>TAF</T> GAWES,
STACKDANIEL$,
<t>RCS</T> SOAP,
<T>CR2</T>RUSH,
<T>FOX</T>Mew2King,
Dusk,
<T>MVG</T><T>FOX</T>M2K,@MVG_Mew2King
WBD,
<T>NIMBUS</T>LowQualityJPEG,
<T>LAB</T> HT,
<T>FOX</T><T>MVG</T>M2K,
HAN & LUGI,
STACKDOLLA$ & GREENMARIO,
SDEEMS & GILGADU,
HT & FLOTUS,
KPAN & GAWES,
SKELETOM ,
XIF & MEW2KING,
GREENMARIO & STACKDOLLA$,
HT &  KPAN,
HT & FLOTUS [L],
Wheat,
WINKEDINK,
WHEAT,
<T>FOX</T><T>MVG</Y>M2K,
CARDD,@CARDDSD
<T>RCS</T>TAL,
DP'S MARIO,
<T>MVG</T><T>FOX</T>MEW2KING,@MVG_Mew2King
Z1MB0BW4Y & CRIS OF DEATH,
STACKDOLLA$ & TRAVIS,
FULLMETAL & COOKIE,
RON-A-RONI & OP,
D.BAG & PEPPERJACK,
I FIGHT TIGERS & CHIPGROOVE,
COOKIE & FULLMETAL,
CHIPGROOVE & I FIGHT TIGERS,
PEPPERJACK & D.BAG,
CHIPGROOVE & I FIGHT TIGERS [L],
COOKIE & FULLMETAL[W],
COOKIE & FULLMETAL [W],
D.BAG,@MELEELIBRARY
ICE AGE,
DR PAYNE <T>[L]</T>,
DAIRDEVIL & GOOGLEYED,
KILLUA & WHAT.,
DRAVEN & WHAT.,
XTREME & DEN,
SOAP & CAUP,
CRUSH & HT,
WILLS & DUBLAT,
DIRDEVIL & GOOGLEYEYED,
T & KEVO,
2KV & SUEZO,
GOOGLYEYED & DAIRDEVIL,
HT & CRUS,
AUSTINTACIOUS & KPAN,
HT & CRUSH,
AUSTINTACIOUS & KPAN [L],
DEN,
DAIRDEVIL,
ROOSTER,
DARK GENEX,
MICHAEL,
<T>LAB</T>LAB,
WOLVEN,
MEWWY,
POKEY,
LUIGIGOSHARD,
L33TZ,
REEVE,
KEEPSPEEDN,
GOOGLYEYED,
NICE CLIMBERS,
HUGS,
<T> EGTV</T> CRUSH,
MICHAEL41000,
<T>BALANCE</T>SLEEPYK,@SLEEPIKE
<T>RECURSION</T>KPAN,
<T>SPIRE</T>REEVE,
MICHAEL41000 ,
HUGS <T>[L]</T>,
HugS,@HugS86
MEAT,
PYRO,
DANIEL BAGGERMAN,
<T>LAB</T>ILUVCRISPIX,
<T>CR2</T>MASK PRODUCER,
<T>XIF,
NICABOY,
DASHDANCEDAN ,
ROSHI & SACE,
LUGI & HAN,
KPAN & FLOW,
NICABOY & FLAMINROY,
RJ & XIF,
SILVER & MIKE G,
XIF & RJ,
NICABOY & FLAMINROY [L],
FLOTUS & ILUVCRISPIX [L],
CAUP ,
<T>LAB</T>TBAG,
<T>SS</T>NICABOY,
<T>LAB</T>ILUVCRISPIX [L],
FLAMINROY [L],
TYLENOL,
TEMPO,
WENBOBULAR,@WENBOBULAR
BAPHOMET,
<T>OES</T> NIX,
BOBBY BIG BALLZ,
<T>RNG</T> SWEDISH DELIGHT,
ANIMAL COMPANION,
OWL,
<T>ERG</T> RYAN FORD,
iBDW,
BIGCUMMS,
MOOGLE,
PANDA,
ARAKUNE,
GINGER,
HARRIET,
MOISTS,
MOIST,
DRUNKSLOTH,
<T>ERG</T>RYAN FORD,
7DSins,
STANGO,
BONKCUSHY,
SAEF,
ZEALOUS5001,
ZEALOUS5000,
HAX$,
TUBES <t>[BSL]</t>,
SLEEPYK DRUNKSLOTH,
PPXD,
<T>TAF</T>GAwes,
KAIKE,
DREPHEN,
DINGO,
<T>SLOTH</T>DARKTOOTH,
NOGHRILLA,
Y-OLD,@YOLDSEGO
C$ & TBAG,
FLOW & GAWES,
RYAN FORD & TBAG,
GAWES & SILVER,
RYAN FORD & N0NE,
SWEDISH DELIGHT & MEW2KING,
DP'S MARIO & A ROOKIE,
GINGER & KPAN,
RJ & FLAMINROY,
DARKTOOTH & iBDW,
AUSTINTACTIOUS & BAKA4MOE,
KPAN & GINGER,
DIZZKIDBOOGIE & DRUGGEDFOX,
CAL & DREPHEN,
HARRIET & COLBOL,
ELECTRIC FLUX & ZEALOUS5000,
THE NOTORIOUS <T>SS</T> FLOW,@THE_FLOW92 
GREENMARIO & XIF,
COLBOL& HARRIET,
MEW2KING & SWEDISH DELIGHT,
DRUGGEDFOX & DIZZKIDBOOGIE,
COLBOL & HARRIET,
DIZZKIDBOOGIE & DUGGEDFOX,
RYAN FORD & N0NE [L],
SWEDISH DELIGHT & MEW2KING [L],
DOGYSAMICH,@DOGYSAMICH
<T>EMG</T><T>ALG</T>N0NE,
<T>WAVE</T> MRBEENREADY,@MRBEENREADY
<T>K</T> CAL,
<T>SS</T>STANGO,
<t>SS</T> COLBOL [L],
LOOPER,
JLAT,
FLOTUS,
LIL DICKEY,
LIL DICKY,
LIL DICKY TBH,
AUSTINTACIOUS???,
BLAT-TACIOUS,
XIF CHAN,
XIF-CHAN,
JUNIOR,
TREE,
ADAM,
HARDBERRY,
JOOPSA,
S0FT,
COOKIE & SAND,
SDEEMS & HT,
WHAT. & SILVER,
DRAVEN & WBD!,
HT & SDEEMS,
S0FT & FLOW,
SILVER & WHAT.,
SAND & COOKIE,
KPAN & AUSTINTACIOUS,
KPAN & AUSTINTACIOUS [L],
caup,
CAUP [L],
CAUP <t>[L]</T>,
Spaceman,
<t>FRD</T> TM12,
Jacket,
Ninja Loper,
Winkledink,
Skeletom,
PepperJack,
Bison.M,
Suess,
Dandy,
Avocado,
Paradox,
I Fight Tigers,
LowQualityJpeg,
SDeems,
Draven,
<T>RCS</T> cookiE,
Emri,
Sunrise,
<T>UGL</T>FlaminRoy,
WILLS & THE LOVE BELOW,
WHAT. & TM12,
MAGE & KINGCONS,
YORT & FLAMINROY,
CEELEW & SUESS,
DRAVEN & SILVER,
WHO? & iKRAGER,
DAVEMON & AYCHTI,
COOKIE & DUBLAT,
FULLMETAL & YORT,
Suess & CEELEW,
WHO? & IKRAGER,
SILVER & DRAVEN,
FlaminRoy & Yort,
DAVEMON & AYCHTI [L],
FlaminRoy & Yort [W],
DAVEMON & AYCHTI [W],
FlaminRoy & Yort [L],
CeeLew,
iKrager,
<T>LAB</T>FULLMETAL,
<T>LAB</T>AYCHTI,
KEENAN,
GILADU,
rjw,
YORT [L],
<T>LAB</T>THE FIRE NATION,@shieksucks
YORT + BOBBY BIG BALLZ,
YORT + BBB,
DANDY,@DaddyDandySSBM
CYNAX,
YORt,
<T> LAB </T> TBAG,
<T>LAB</T> TBAG,
KINGCONS,
KENO,
SUNRISE,
SMOKIN PENELOPE,
<T>TAF</T>GAWES,
<T> FRD </t> TM12,
<T> SS </t> COLBOL,
<t> LAB </t> HT,
FULLMETAL AND TBAG,
GAWES & XIF,
SKELETOM & BUNZ,
SKELETOM & BUNZ (BLUE),
GAWES & XIF (RED),
GAWES & XIF (GREEN),
<T> LAB </T> HT & FLOTUS,
<T> LAB </T> TBAG & <T> LAB </T> FULLMETAL,
<T> LAB </T> HT & FLOTUS ,
<T> LAB </T> TBAG & <T> LAB </T> FULLMETAL (GREEN),
<T> LAB </T> HT & FLOTUS (RED) ,
GAWES & <T> FRD </T> XIF,
<T> FRD </T> TM12 & WHAT,
GAWES & <T> FRD </T> XIF (GREEN),
<T> FRD </T> TM12 & WHAT (RED),
<T> FRD </T> TM12 & WHAT. (RED),
<T> LAB </T> HT & FLOTUS (RED),
<T> RCS </T> COOKIE & <T> RCS </T> DUBLAT,
<T> LAB </T> FULLMETAL & <T> LAB </T> TBAG,
<T> RCS </T> COOKIE & <T> RCS </T> DUBLAT (RED),
<T> LAB </T> FULLMETAL & <T> LAB </T> TBAG (GREEN),
GOD TURNED HIS BACK ON ME,@Wineeeeeee
<T> FRD <T> XIF & GAWES,
<T> FRD </T> XIF & GAWES,
<T> FRD </T> XIF & GAWES (RED),
<T> FRD </T> XIF & <T>TAF</T>GAWES (RED),
<T>TAF</T> GAWES & <T>FRD</T> XIF (,
FLOTUS & <T>LAB</T> HT,
<T>TAF</T> GAWES & <T>FRD</T> XIF (GREEN) [L],
FLOTUS & <T>LAB</T> HT (BLUE),
GODTURNEDHISBACKONME,
GODTURNED,
Pepperjack,
Gilgadu,
<T>RCS</T> TAL,
Cardd,
Austintacious,
Animal Companion,
Paintman,
Slips,
Ice Age,
Davemon,
GAWes,
s0ft,
TM12,
Dr. Payne,
<t> SS </t> Colbol,
<T> FRD </t> Xif,@TheXif
<T>FRD</T> Animal Companion,@TheNumberXLVII
<T> LAB </T> Fullmetal,
Soap & PepperJack,
Ohantheman & Troy,
Soap & PepperJack <t> (RED),
Ohantheman & Troy (GREEN),
Soap & PepperJack  (RED),
<T> RCS </T> COOKIE & DUBLAT,
RJW & YORT ,
RJW & YORT (GREEN),
<T> RCS </T> COOKIE & DUBLAT (BLUE),
<T> RCS </T>COOKIE & DUBLAT (BLUE),
Luminites & Winston ,
Silver & Sdeems,
Luminites & Winston (BLUE),
Silver & Sdeems (GREEN),
<T> RCS <T>TAL & BEARSFAN092,
AUSTINTACIOUS & BAKA4MOE,
<T> RCS </T>TAL & BEARSFAN092,
<T> RCS </T>TAL & BEARSFAN092 (BLUE),
AUSTINTACIOUS & BAKA4MOE (GREEN),
BEARSFAN092 & <T> RCS </T>TAL (BLUE),
BEARSFAN092 & <T>RCS</T>TAL (BLUE),
HT & DAVEMON,
XIF & C$,
HT & DAVEMON (BLUE),
XIF & C$ (GREEN),
FOCUS & <T> TAF </T> GAWES,
BAKA4MOE & AUSTINTACIOUS ,
<T> SS </T> COLBOL & FLOTUS,
WILLS & DEN,
<T> SS </T> COLBOL & FLOTUS (RED),
WILLS & DEN (BLUE),
<t> FRD </t> XIF & C$,
AUSTINTACIOUS & BAKA4MOE (BLUE),
<t> FRD </t> XIF & C$ (GREEN),
<t>SS</T> COLBOL& FLOTUS,
<T> LAB </T> FULLMETAL & s0ft,
DAVEMON & HT,
<T>LAB</T>FULLMETAL & S0FT,
FLOTUS & <T>SS</T>COLBOL,
DAVEMON & <T>LAB</T> HT,
<t>SS</T> COLBOL & FLOTUS,
DAVEMON & <T>LAB</T> HT [L],
S0ft,
<T>RCS</T> cookie,
<T>RCS</T>Tal,
<T>TGL</T>Druggedfox,
<T>Liquid`</T> HBox,
Breaks,
<T>LAB</T>HT - L,
<T>RCS<T>Brian Buckley,
<T>RCS</T>Brian Buckley,
Nicaboy,
<T>RCS</T>Cardd,
<T>RCS</T><T>RTE</T>Rubber Tubing,
<T>RCS</T>Ginger,
BDK!,
JANGLES & Blank,
Dusk & Dandy,
SMOKIN PENELOPE & CAESAR,
MY SON & @JARRODBLANTONFITNESS,
KAMIKAZE CADDY & 7DSINS,
SLIPS & WILLS,
DANDY & DUSK,
KAMIKAZE CADDY,
PARIYAH,
PAPU,
<T>NIMBUS</T> SACE,
MY SON,
7DSINS,
DUSK & DANDY,
SAMPAI &,
SAMPAI & RJW,
RJW & SAMPAI,
RJW & SAMPAI - L,
BRAVO,
<T>FRD</T>TM12,
Flow,
<T>FRD</T>XIF,
<T>BALANCE</T>DRUGGEDFOX,
<T>FRD</T>RJ,
<T>UGL</T>FLAMIN ROY,
AUTINTACIOUS,
FLOW,
<T>LAB</T>Fullmetal,
<T>LAB</T> DFOX,
<T>FRD</T> RJ,
My Son,
Jet,
<T>FRD</T> TM12,
SILVER - L,
Ned Bigby,
Mr R,
<T>NRG</T>Nairo,
Hello World,
<t>[A]</t>Hello World,
Hello,
HELL NO MY DUDE,
SILVER asdfsad,
SILVER asdas,
SILVfasf,
SILVfasfasdfasd,
SILVfasfasdfasdfasdfasdf,
SILVfas,
d,
dffffff,
dfdf,
dfdfdsfasdf,
<T>NRG</T>Nairo sss,
<T>NRG</T>Nairo ,
<T>NRG</T>Nairo  ss,
<T>NRG</T>Nairo ss,
dfdfdsfasdfsdfsdf,
Helloafasfasf,
<T>NRG</T>Nairo dd,
asfas,
<T>SS</T>Snacks,@SS_Snacks
Check,
cookie,
Lion-o,
klfjsdklghsdkl,
I hate overlays lul,
<T>RCS</T>cookie,
<T>RCS</T>cookie safasfasfasf,
World,
D1,@xd1x
<T>SPY</T>EE,@thephenomenalee
<T>MSF</T>LarryLurr,
doublej98,
smoove,
<T>mvg</T>scatt,
<T>MVG</T>scatt,
EE,@thephenomenalee
Samsora,
Blank,
Captain Zack,
Muteace,
Manny,
Hyperkirby,
Warth,
Saltone,
Novapixl,
<t>YP<t>Fatality,
Sonido,
<t>2GG<t> Komorikiri,
<t>YP</t>Fatality,@FatalityFalcon 
<t>2GG</t> Komorikiri,
DC,@dcwastaken
Hazmatt,@Hazmattrules
Cosmos,
Tweek,
Nakat,
<t>liquid</t> Salem,
<t>EMG</t> Mistake,
<t>bc</t>MR.R,
CaptainZack,
<t>MVG</t><t>Fox<t/> Mew2king,
Cedge,@Cedgehog
RPS | Gpik,@GPikSmash 
IMT | ANTi,@anti
ESA | Bam,@bamoftheppl
Hyper,
Keitaro,@keitarotime
<t>BC</t>MR.R,
TWEEK,
Samsora [L],
Captain Zack [L],
Kargo,@KargotheGod
Shope,@GrantShope
Chez,
Kid A,
<t>CLE</t> Fat_Amy,
Shadowmarth,
Treeborn,
Dyr,
JTC,
Banjo,
Sean,
CSG | Chez,
Danye,
FS | Zebra,
FS | Peabnut,
CJ Toast,
CR2 L,
KK,
<t>DH</t>Blank,
Sunseeds ,
Winks,
<t>NEPU<t/>Novapixl,
<t>NEPU<t/> Novapixl,
<t>NEPU</t> Novapixl,
<t>WSGP</t> Kingwill,
Test 3,
Test 4,
DATA Kara,@datafgc
DATA Jelanie,@datafgc
BigBates,
Big Bates,
